strain	date	region	cleavage_site_sequence	host	furin_cleavage_motif	division	country	accession
A/chicken/Washington/24-031352-001/2024	2024-10-21	North America	RRKR	Chicken	present	Washington	United States	
A/chicken/Washington/24-031352-002/2024	2024-10-21	North America	RRKR	Chicken	present	Washington	United States	
A/chicken/Washington/24-031352-003/2024	2024-10-21	North America	RRKR	Chicken	present	Washington	United States	
A/Red_Tailed_Hawk/BC/AIVPHL-2513/2024	2024-10-07	North America	RRKR	Avian	present	British Columbia	Canada	
A/Cackling_Goose/BC/AIVPHL-2534/2024	2024-10-14	North America	RRKR	Avian	present	British Columbia	Canada	
A/Canada_Goose/BC/AIVPHL-2531/2024	2024-10-14	North America	RRKR	Avian	present	British Columbia	Canada	
A/Louisiana/12/2024	2024-12-11	North America	RRKR	Human	present	Louisiana	United States	
A/Iowa/124/2024	2024-12-17	North America	RRKR	Human	present	Iowa	United States	
A/Wisconsin/179/2024	2024-12-13	North America	RRKR	Human	present	Wisconsin	United States	
A/chicken/Oregon/24-030904-002/2024	2024-10-21	North America	RRKR	Chicken	present	Oregon	United States	
A/chicken/Oregon/24-030904-001/2024	2024-10-21	North America	RRKR	Chicken	present	Oregon	United States	
A/Washington/251/2024	2024-10-24	North America	RRKR	Human	present	Washington	United States	
A/Washington/252/2024	2024-10-24	North America	RRKR	Human	present	Washington	United States	
A/Washington/253/2024	2024-10-24	North America	RRKR	Human	present	Washington	United States	
A/guineafowl/Washington/24-030328-002/2024	2024-10-15	North America	RRKR	Avian	present	Washington	United States	
A/guineafowl/Washington/24-030328-001/2024	2024-10-15	North America	RRKR	Avian	present	Washington	United States	
A/Washington/UW32495/2024	2024-10-18	North America	RRKR	Human	present	Washington	United States	
A/Canada_Goose/BC/AIVPHL-2530/2024	2024-10-14	North America	RRKR	Avian	present	British Columbia	Canada	
A/chicken/Washington/W242850087-2/2024	2024-10-11	North America	RRKR	Chicken	present	Washington	United States	
A/chicken/Washington/24-030039-001/2024	2024-10-11	North America	RRKR	Chicken	present	Washington	United States	
A/Canada_Goose/BC/AIVPHL-2524/2024	2024-10-08	North America	RRKR	Avian	present	British Columbia	Canada	
A/Washington/255/2024	2024-10-29	North America	RRKR	Human	present	Washington	United States	
A/chicken/Washington/W242850087-1/2024	2024-10-11	North America	RRKR	Chicken	present	Washington	United States	
A/chicken/Washington/24-030039-002/2024	2024-10-11	North America	RRKR	Chicken	present	Washington	United States	
A/Washington/254/2024	2024-10-23	North America	RRKR	Human	present	Washington	United States	
A/Washington/240/2024	2024-10-18	North America	RRKR	Human	present	Washington	United States	
A/Washington/247/2024	2024-10-18	North America	RRKR	Human	present	Washington	United States	
A/Washington/239/2024	2024-10-18	North America	RRKR	Human	present	Washington	United States	